0,1,2,3,4,5,6,7,8,9,10,11
-9.067023,-8.94079,-8.762072,-8.620507,-8.574893,-8.580709,-8.5724325,-8.553339,-8.531348,-8.462142,-8.30937,-8.207621
-3.5252385,-3.439348,-3.4821646,-3.4820592,-3.4780393,-3.4930518,-3.454791,-3.3670387,-3.2252467,-3.1059954,-3.0683744,-3.0631936
34.305923,34.410717,34.424225,34.438526,34.44987,34.453384,34.45018,34.43109,34.419174,34.403088,34.383854,34.384216
47.40776,47.420013,47.464172,47.58187,47.79193,47.90552,47.897797,47.86058,47.881603,47.81471,47.87027,47.886776
48.83512,49.07756,49.175446,49.216927,49.248367,49.288963,49.385456,49.470592,49.505287,49.545532,49.601826,49.77745
45.741405,45.816994,45.85775,45.89931,45.934223,46.038097,46.12751,46.164665,46.178818,46.189693,46.18876,46.17604
63.96777,64.04332,64.14856,64.26178,64.30746,64.32845,64.34297,64.351685,64.35968,64.37676,64.38881,64.40998
68.45167,68.51548,68.543335,68.57175,68.57624,68.620865,68.720055,68.81886,68.8572,68.86572,68.92217,69.070145
80.0478,79.95805,79.98209,80.005974,79.98321,79.90035,79.94028,80.027794,80.174324,80.19825,80.224655,80.28028
87.847626,87.859695,87.90374,87.83799,87.85236,87.92438,87.88321,87.94597,87.93433,87.97464,87.92184,88.05393
80.75973,80.7678,80.83782,80.92953,81.01159,81.027664,81.031265,81.0255,81.03092,81.04911,81.10083,81.17944
87.37627,87.45627,87.5043,87.523315,87.52267,87.5141,87.503044,87.49747,87.48565,87.47352,87.47479,87.47063
-3.0015702,-3.0142512,-3.0004299,-2.957777,-2.9226322,-2.9123206,-2.9139361,-2.916973,-2.9216714,-2.906991,-2.932508,-2.937057
78.556656,78.622215,78.60484,78.61364,78.620026,78.62294,78.624176,78.63458,78.59914,78.647804,78.607735,78.59503
77.671555,77.86155,77.94154,78.0434,78.217735,78.348434,78.38414,78.3946,78.4023,78.41165,78.42601,78.42822
73.6114,73.61149,73.62679,73.6438,73.64243,73.63147,73.67598,73.739944,73.8554,73.98046,74.16274,74.23135
82.59193,82.65827,82.65471,82.64032,82.645546,82.66191,82.67035,82.679184,82.64659,82.691536,82.7044,82.720375
86.367744,86.44158,86.41511,86.41087,86.43111,86.52562,86.71658,86.82356,86.85895,86.84936,86.821625,86.78474
90.69909,90.61653,90.683266,90.707825,90.64253,90.81289,90.82704,90.8776,91.008995,91.198006,91.32241,91.25634
87.615906,87.856606,88.017845,88.1014,88.141914,88.16207,88.156006,88.102135,88.114586,88.26905,88.43372,88.49388
101.88948,101.92041,101.98079,101.91717,101.92806,102.00077,101.90025,101.98585,101.98202,102.034584,102.05664,102.01241
89.55814,89.19567,89.12732,89.22166,89.24932,89.29152,89.3309,89.316574,89.416595,89.50442,89.67711,89.6978
94.2794,94.46944,94.543915,94.5973,94.692,94.762375,94.80502,94.84122,94.86297,94.93189,95.09656,95.28835
7.430573,7.551076,7.659153,7.7620564,7.7882776,7.8027487,7.9228954,8.03812,8.2342825,8.428687,8.425318,8.443424
85.97519,85.89736,85.80142,85.76457,85.74757,85.72953,85.82437,85.926834,86.07644,86.086624,86.20042,86.28528
67.78427,67.76461,67.77126,67.823685,67.920334,67.98735,68.07505,68.24632,68.32062,68.354866,68.3618,68.371445
81.50411,81.69716,81.87417,81.988716,82.051704,82.156624,82.34215,82.46623,82.543686,82.629196,82.67383,82.67371
84.43489,84.499794,84.550705,84.569115,84.648155,84.73915,84.78597,84.79604,84.77541,84.75942,84.74343,84.72083
87.36201,87.30318,87.31539,87.33065,87.34294,87.40439,87.64063,87.93104,88.02605,88.02265,88.03902,88.04639
89.777885,90.0462,90.16358,90.19169,90.26402,90.3671,90.45481,90.45179,90.441315,90.455956,90.460106,90.46172
98.22843,98.32131,98.44422,98.48732,98.5397,98.52632,98.527954,98.51635,98.49617,98.48215,98.47696,98.459785
90.90544,90.65839,90.656586,90.684456,90.69336,90.772446,90.81921,90.856544,90.90398,90.92911,90.927666,91.1747
69.17836,69.1704,69.17067,69.167915,69.20422,69.224884,69.279495,69.316826,69.30172,69.384254,69.39902,69.45926
82.88062,82.74693,82.85837,82.78108,82.84316,82.78595,82.87234,83.05436,83.28426,83.437965,83.425385,83.40344
1.3824146,1.4754775,1.4764194,1.4821384,1.4677875,1.4948492,1.49687,1.5332696,1.732914,1.8512714,1.9142201,1.9388356
66.3918,66.41662,66.43423,66.45649,66.49095,66.56281,66.696724,66.762634,66.789345,66.82094,66.934525,67.14066
67.967415,68.094864,68.164116,68.20139,68.30473,68.40303,68.509285,68.65544,68.76253,68.82873,68.84753,68.848236
49.72051,49.71387,49.755302,49.783417,49.815624,49.84658,49.877,49.916363,50.03218,50.206142,50.25553,50.316044
35.872253,35.917404,35.938675,35.91756,35.95227,35.96018,35.961502,35.973793,35.958046,36.03399,36.051037,36.066998
31.755978,32.089092,32.21541,32.298058,32.350822,32.412674,32.537945,32.59265,32.62413,32.677975,32.733177,32.909016
33.67595,33.718887,33.75268,33.768383,33.772247,33.765343,33.751385,33.736473,33.724064,33.70883,33.70893,33.697693
29.536654,29.650047,29.720774,29.826818,29.93482,29.952276,29.965797,29.967108,29.974873,29.989729,30.00307,30.012602
30.395052,30.484266,30.53821,30.568298,30.594275,30.63276,30.758236,30.92986,31.059786,31.142555,31.164574,31.142982
22.133423,22.139187,22.1952,22.325539,22.392479,22.408861,22.415062,22.401701,22.389292,22.38869,22.376644,22.370514
23.172731,23.335772,23.356627,23.413893,23.481104,23.63694,23.888885,24.138424,24.236277,24.256327,24.257261,24.266052
-7.4348984,-7.3959656,-7.2885127,-7.0886083,-6.9738913,-6.8810043,-6.748581,-6.6355944,-6.5790854,-6.5566273,-6.561654,-6.561915
34.371277,34.380764,34.45894,34.503006,34.52694,34.523193,34.51067,34.492977,34.47395,34.447784,34.43515,34.435658
28.925426,28.888947,28.900917,28.91293,28.914906,28.910803,28.966131,28.984758,29.077087,29.221983,29.235657,29.271273
36.574577,36.57968,36.600258,36.720352,36.836014,36.87203,36.86549,36.855927,36.847607,36.831985,36.81887,36.808723
23.992962,24.039984,24.150517,24.26954,24.445232,24.617271,24.682749,24.726252,24.726019,24.715872,24.717987,24.72315
13.211049,13.220215,13.221996,13.228951,13.270409,13.378091,13.522282,13.606977,13.6339855,13.577618,13.5801325,13.568291
11.633912,11.901285,12.054581,12.171036,12.375436,12.5123625,12.4971285,12.510884,12.552154,12.525369,12.568892,12.553139
15.019115,15.160929,15.370071,15.623534,15.775819,15.818259,15.845174,15.866762,15.9279585,16.086353,16.368753,16.552824
1.7038503,1.8680425,1.9462963,1.9558266,1.9616518,1.9560605,1.9498773,1.939747,1.9287777,1.9159802,1.911656,1.9045719
-22.39323,-22.546213,-22.519484,-22.46682,-22.45778,-22.42301,-22.390123,-22.362003,-22.437939,-22.263317,-22.158785,-22.11226
-19.119156,-19.03233,-19.001217,-18.978699,-18.978346,-18.970747,-18.88795,-18.74137,-18.649761,-18.632912,-18.650518,-18.676933
-7.6057615,-7.475557,-7.3918796,-7.2467866,-7.0412045,-6.960999,-6.9387755,-6.9371157,-6.9506893,-6.9740934,-6.945609,-6.930777
-7.1572685,-6.984604,-6.8863454,-6.8426228,-6.8358083,-6.8527946,-6.8133273,-6.741482,-6.7247,-6.7274446,-6.7227225,-6.7181616
-9.180895,-9.15369,-9.15325,-9.1591015,-9.16745,-9.177997,-9.181805,-9.200204,-9.204369,-9.210864,-9.216503,-9.226791
-12.221643,-12.091761,-12.0227375,-11.951199,-11.884211,-11.847172,-11.769292,-11.636659,-11.533263,-11.4658165,-11.433705,-11.4301605
-6.0398016,-6.1357718,-6.1096854,-6.1377153,-6.101484,-6.192977,-6.1157684,-6.0352354,-5.973723,-5.876892,-5.8138456,-5.7358594
-34.464516,-34.270443,-34.033176,-33.846554,-33.77266,-33.740177,-33.705315,-33.615986,-33.41387,-33.296192,-33.287643,-33.29795
-24.933355,-24.795872,-24.691202,-24.653805,-24.575947,-24.483181,-24.402256,-24.259626,-24.157013,-24.104084,-24.098152,-24.06539
-35.05852,-35.010098,-34.979855,-34.917843,-34.8864,-34.867928,-34.860012,-34.8723,-34.871624,-34.87303,-34.856335,-34.8494
-36.104744,-36.128353,-36.124405,-36.107315,-36.01811,-35.871284,-35.80832,-35.718544,-35.56342,-35.423462,-35.356586,-35.331207
-48.50409,-48.622086,-48.561333,-48.539326,-48.48857,-48.491825,-48.529747,-48.480995,-48.44165,-48.463276,-48.381,-48.26024
-50.548553,-50.205387,-49.95532,-49.76905,-49.5417,-49.24773,-49.036293,-48.883175,-48.78355,-48.72663,-48.765186,-48.76587
-5.4562297,-5.395981,-5.378828,-5.2753325,-5.156921,-5.1173773,-5.099684,-5.0944767,-5.1037564,-5.108968,-5.127759,-5.145567
-41.875393,-41.45388,-41.22048,-41.077415,-40.905617,-40.80372,-40.65874,-40.387486,-40.254192,-40.283947,-40.231476,-40.31915
-47.780457,-47.717415,-47.687054,-47.607174,-47.53728,-47.462852,-47.433075,-47.430508,-47.431896,-47.420376,-47.45343,-47.454243
-38.361156,-38.365482,-38.32606,-38.30401,-38.24473,-38.178535,-38.151234,-38.138042,-38.113663,-38.135307,-38.15043,-38.16487
-37.026196,-37.12868,-37.10079,-37.103313,-37.129677,-37.130512,-37.11088,-37.02822,-36.989964,-36.938297,-36.896984,-36.854755
-39.84611,-39.858982,-39.86343,-39.87717,-39.880047,-39.88806,-39.8905,-39.903316,-39.902702,-39.91487,-39.91831,-39.92044
-50.65083,-50.696026,-50.702988,-50.676067,-50.64576,-50.57322,-50.432346,-50.31808,-50.158268,-49.946873,-49.870335,-49.848625
-62.549896,-62.581394,-62.589542,-62.542286,-62.533993,-62.48269,-62.45401,-62.42348,-62.3774,-62.23367,-61.863243,-61.46615
-42.91179,-42.878883,-42.877754,-42.86719,-42.79447,-42.63501,-42.41437,-42.407642,-42.39672,-42.404495,-42.477535,-42.50173
-40.451923,-40.48268,-40.58296,-40.63869,-40.67306,-40.594727,-40.45272,-40.373447,-40.35646,-40.345505,-40.351334,-40.33014
-37.258785,-37.16337,-37.096455,-36.96862,-36.83319,-36.76205,-36.743317,-36.73461,-36.718884,-36.698254,-36.615246,-36.521866
7.916875,7.974669,8.004845,8.076012,8.105951,8.175272,8.321792,8.401742,8.45262,8.476463,8.4838505,8.4739685
-35.352825,-35.278664,-35.277767,-35.267414,-35.247303,-35.13226,-35.06429,-35.027435,-35.00601,-34.99269,-34.98038,-34.95718
-41.68098,-41.465435,-41.374138,-41.31145,-41.22188,-41.102467,-40.902863,-40.71905,-40.65847,-40.63635,-40.62055,-40.614098
-43.04193,-42.862415,-42.664276,-42.543755,-42.48317,-42.398838,-42.248363,-42.11654,-42.039562,-41.991825,-42.0092,-42.007915
-27.458548,-27.160175,-26.960306,-26.830933,-26.615936,-26.460472,-26.381142,-26.373167,-26.36595,-26.367798,-26.362663,-26.367847
-29.450579,-29.407743,-29.38153,-29.37101,-29.389908,-29.411985,-29.430748,-29.449512,-29.462116,-29.46317,-29.472424,-29.473383
-24.256927,-24.165667,-24.080906,-24.019806,-24.073345,-24.027641,-23.914207,-23.88269,-23.868855,-23.888304,-23.90511,-23.895615
-16.217775,-16.049425,-15.918704,-15.878757,-15.826393,-15.762797,-15.676315,-15.561874,-15.49576,-15.473703,-15.472197,-15.474035
-1.1048089,-1.2194965,-1.1691434,-1.1961612,-1.223438,-1.2237858,-1.1161168,-1.0148318,-0.9565582,-0.88002896,-0.8100374,-0.745934
-15.655796,-15.582571,-15.518763,-15.473523,-15.435545,-15.402044,-15.261634,-15.127439,-15.07648,-15.065296,-15.031938,-14.929815
-13.317051,-13.330358,-13.2878065,-13.258498,-13.317768,-13.271657,-13.190716,-13.133411,-13.102764,-13.012858,-12.878226,-12.821266
20.777657,20.701168,20.717274,20.721273,20.740263,20.755325,20.774765,20.791525,20.842056,21.041733,21.466553,21.640526
-9.306408,-9.206493,-9.126665,-8.99618,-8.896867,-8.861332,-8.822522,-8.841059,-8.843536,-8.864071,-8.8948145,-8.904615
4.3170056,4.211817,4.2479978,4.2241054,4.2768507,4.2883515,4.3130665,4.32436,4.3673706,4.3305364,4.420574,4.4283156
-13.853954,-13.8295765,-13.687698,-13.609524,-13.572323,-13.519982,-13.520652,-13.521435,-13.517263,-13.544443,-13.562718,-13.576346
-13.9355755,-14.059178,-14.106095,-13.993307,-14.008334,-14.033375,-13.919031,-13.884838,-13.938707,-13.879501,-13.684798,-13.431976
-14.572168,-14.331726,-14.151961,-14.055679,-13.905173,-13.74775,-13.661019,-13.558591,-13.50354,-13.46576,-13.470091,-13.457438
-11.113522,-11.096316,-11.079142,-11.06073,-11.116161,-11.028132,-10.99312,-10.91917,-10.790421,-10.698966,-10.548952,-10.301175
-9.219399,-9.177917,-9.1886835,-9.1632805,-9.160182,-9.195511,-9.160534,-9.103637,-9.084636,-9.0740185,-9.067157,-9.0567
-18.639448,-18.40691,-18.295433,-18.224113,-18.147993,-18.00271,-17.903423,-17.807858,-17.615606,-17.414265,-17.33965,-17.307753
-23.667633,-23.584314,-23.550632,-23.516916,-23.455942,-23.396406,-23.361153,-23.366007,-23.362959,-23.360348,-23.34329,-23.342705
-19.768848,-19.645847,-19.650742,-19.621258,-19.645193,-19.66772,-19.660864,-19.630867,-19.659775,-19.608513,-19.634865,-19.584919
